{
  "interactionModel": {
    "languageModel": {
      "invocationName": "text adventure",
      "intents": [{
          "name": "AMAZON.CancelIntent"
        },
        {
          "name": "AMAZON.HelpIntent"
        },
        {
          "name": "AMAZON.RepeatIntent",
          "samples": [
            "where am I",
            "describe the room"
          ]
        },
        {
          "name": "AMAZON.StopIntent"
        },
        {
          "name": "ResumeGame",
          "samples": [
            "resume game"
          ]
        },
        {
          "name": "RestartGame",
          "samples": [
            "new game"
          ]
        },
        {
          "name": "Go",
          "samples": [
            "go {direction}",
            "run {direction}",
            "walk {direction}",
            "exit {direction}",
            "explore {direction}",
            "escape through {direction}",
            "climb out {direction}",
            "climb out the {direction}",
            "take {direction}",
            "{direction}"
          ],
          "slots": [{
            "name": "direction",
            "type": "LIST_OF_DIRECTIONS"
          }]
        },
        {
          "name": "Page",
          "samples": [
            "page {number}",
            "turn to page {number}"
          ],
          "slots": [{
            "name": "number",
            "type": "AMAZON.NUMBER"
          }]
        },
        {
          "name": "Open",
          "samples": [
            "open",
            "open the door"
          ]
        },
        {
          "name": "Lock",
          "samples": [
            "lock",
            "lock the door"
          ]
        },
        {
          "name": "Jump",
          "samples": [
            "jump"
          ]
        },
        {
          "name": "Fight",
          "samples": [
            "fight",
            "fight {npc}",
            "fight the {npc}",
            "battle {npc}",
            "battle the {npc}",
            "battle with the {npc}"
          ],
          "slots": [{
            "name": "npc",
            "type": "LIST_OF_NON_PLAYING_CHARACTERS"
          }]
        }
      ],
      "types": [{
          "name": "LIST_OF_DIRECTIONS",
          "values": [{
            "name": {
              "value": "north"
            }
          }, {
            "name": {
              "value": "south"
            }
          }, {
            "name": {
              "value": "east"
            }
          }, {
            "name": {
              "value": "west"
            }
          }, {
            "name": {
              "value": "up"
            }
          }, {
            "name": {
              "value": "down"
            }
          }, {
            "name": {
              "value": "in"
            }
          }, {
            "name": {
              "value": "out"
            }
          }, {
            "name": {
              "value": "left"
            }
          }, {
            "name": {
              "value": "right"
            }
          }, {
            "name": {
              "value": "turn around"
            }
          }, {
            "name": {
              "value": "carry on"
            }
          }, {
            "id": "desk",
            "name": {
              "value": "desk",
              "synonyms": ["table"]
            }
          }, {
            "name": {
              "value": "window"
            }
          }, {
            "name": {
              "value": "door"
            }
          }, {
            "name": {
              "value": "stairs"
            }
          }, {
            "name": {
              "value": "elevator",
              "synonyms": ["lift"]
            }
          }, {
            "name": {
              "value": "corridor",
              "synonyms": ["hall", "hallway"]
            }
          }, {
            "name": {
              "value": "first floor"
            }
          }, {
            "name": {
              "value": "reception"
            }
          }, {
            "name": {
              "value": "basement"
            }
          }]
        },
        {
          "name": "LIST_OF_NON_PLAYING_CHARACTERS",
          "values": [{
            "name": {
              "value": "spider",
              "synonyms": []
            }
          }]
        }
      ]
    }
  }
}
